dataset,sample_id,mode,height,width,psnr_vs_vae,ssim_vs_vae,psnr_vs_raw,ssim_vs_raw,base_psnr_rgb,base_ssim_rgb,base_l1_rgb,base_grad_l1,hf_energy,hf_gain_vs_base_up,hf_error_vs_vae,lf_drift_vs_base
FLUX179_x2_unpaired,img_0000000,feature_bicubic,2048,2048,nan,nan,nan,nan,36.19682688294424,0.9272834062576294,0.011207260191440582,0.02133225090801716,0.011830742470920086,1.8350367479342198,nan,0.016076043248176575
FLUX179_x2_unpaired,img_0000000,rf_1step,2048,2048,nan,nan,nan,nan,36.51469986315152,0.9394375681877136,0.01184758823364973,0.020266074687242508,0.01039051916450262,1.6116473284617294,nan,0.01997569017112255
FLUX179_x2_unpaired,img_0000001,feature_bicubic,2048,2048,nan,nan,nan,nan,32.71799669601896,0.8876791000366211,0.012101035565137863,0.021439701318740845,0.011801974847912788,1.7495420184048613,nan,0.014105725102126598
FLUX179_x2_unpaired,img_0000001,rf_1step,2048,2048,nan,nan,nan,nan,34.29784341715998,0.8448642492294312,0.01321033388376236,0.016294624656438828,0.007789916824549437,1.1547886671558614,nan,0.021119989454746246
FLUX179_x2_unpaired,img_0000002,feature_bicubic,2048,2048,nan,nan,nan,nan,35.39645624724629,0.9445263743400574,0.01178902667015791,0.019060999155044556,0.010648930445313454,1.6683595095103858,nan,0.01708887331187725
FLUX179_x2_unpaired,img_0000002,rf_1step,2048,2048,nan,nan,nan,nan,36.97917556960339,0.9607641100883484,0.011405306868255138,0.016177138313651085,0.009223675355315208,1.445065921944216,nan,0.0196799598634243
FLUX179_x2_unpaired,img_0000003,feature_bicubic,2048,2048,nan,nan,nan,nan,26.551666829840414,0.8281290531158447,0.02126120589673519,0.05371022969484329,0.029878666624426842,1.925734258061085,nan,0.013929694890975952
FLUX179_x2_unpaired,img_0000003,rf_1step,2048,2048,nan,nan,nan,nan,30.13129117398043,0.8968914747238159,0.016114000231027603,0.03968832641839981,0.01795957237482071,1.1575270147445265,nan,0.015043279156088829
FLUX179_x2_unpaired,img_0000004,feature_bicubic,2048,2048,nan,nan,nan,nan,25.526236983708714,0.81269371509552,0.02588079497218132,0.05874631553888321,0.03490845859050751,1.8684978368245697,nan,0.016503488644957542
FLUX179_x2_unpaired,img_0000004,rf_1step,2048,2048,nan,nan,nan,nan,30.78892056140349,0.9268593788146973,0.017537709325551987,0.03651430457830429,0.01999128982424736,1.0700467250678503,nan,0.01804967224597931
FLUX179_x2_unpaired,img_0000005,feature_bicubic,2048,2048,nan,nan,nan,nan,27.476353429123215,0.801510214805603,0.025281330570578575,0.061432287096977234,0.03440968692302704,1.8398985233053389,nan,0.01700439304113388
FLUX179_x2_unpaired,img_0000005,rf_1step,2048,2048,nan,nan,nan,nan,31.504790345352184,0.9114527702331543,0.01816696859896183,0.042197566479444504,0.02004874311387539,1.0720136144180408,nan,0.018470868468284607
FLUX179_x2_unpaired,img_0000006,feature_bicubic,2048,2048,nan,nan,nan,nan,33.4576040477481,0.9549498558044434,0.011606281623244286,0.015991104766726494,0.008560719899833202,1.5876749689097693,nan,0.016268782317638397
FLUX179_x2_unpaired,img_0000006,rf_1step,2048,2048,nan,nan,nan,nan,36.76075063703193,0.9730443358421326,0.011032378301024437,0.010419664904475212,0.005681627430021763,1.0537171825341993,nan,0.0193167757242918
FLUX179_x2_unpaired,img_0000007,feature_bicubic,2048,2048,nan,nan,nan,nan,28.03541224674543,0.895265519618988,0.01760605163872242,0.03913270682096481,0.02144557051360607,1.848772578150303,nan,0.01471702754497528
FLUX179_x2_unpaired,img_0000007,rf_1step,2048,2048,nan,nan,nan,nan,31.847357057650946,0.9542688727378845,0.014766624197363853,0.026153331622481346,0.01212555542588234,1.0453158311638409,nan,0.018697254359722137
FLUX179_x2_unpaired,img_0000008,feature_bicubic,2048,2048,nan,nan,nan,nan,31.392880617097546,0.9189705848693848,0.014412369579076767,0.025218460708856583,0.014833681285381317,1.7425272291349967,nan,0.01543560903519392
FLUX179_x2_unpaired,img_0000008,rf_1step,2048,2048,nan,nan,nan,nan,35.15447946921901,0.9683932662010193,0.013257342390716076,0.01469876803457737,0.009134432300925255,1.0730308074462132,nan,0.022136211395263672
FLUX179_x2_unpaired,img_0000009,feature_bicubic,2048,2048,nan,nan,nan,nan,30.4986768960727,0.9342240691184998,0.013229645788669586,0.023335615172982216,0.012580566108226776,1.7858787880390379,nan,0.015288293361663818
FLUX179_x2_unpaired,img_0000009,rf_1step,2048,2048,nan,nan,nan,nan,32.97777669588166,0.9563006162643433,0.013489440083503723,0.017052341252565384,0.007224614731967449,1.0255727834964317,nan,0.020775768905878067
FLUX179_x2_unpaired,img_0000010,feature_bicubic,2048,2048,nan,nan,nan,nan,33.11230561559371,0.9477264285087585,0.011589741334319115,0.019806183874607086,0.011015653610229492,1.7896886239015468,nan,0.01531541533768177
FLUX179_x2_unpaired,img_0000010,rf_1step,2048,2048,nan,nan,nan,nan,35.39275533624818,0.9681262969970703,0.012035079300403595,0.015807803720235825,0.008192017674446106,1.3309388037711873,nan,0.020289599895477295
FLUX179_x2_unpaired,img_0000011,feature_bicubic,2048,2048,nan,nan,nan,nan,32.909496104927086,0.9490828514099121,0.011245324276387691,0.016526874154806137,0.009128689765930176,1.6321885227086435,nan,0.014874408952891827
FLUX179_x2_unpaired,img_0000011,rf_1step,2048,2048,nan,nan,nan,nan,36.89678958963371,0.9691352844238281,0.010411972180008888,0.010286571457982063,0.00594025244936347,1.0621033377679936,nan,0.01814011111855507
FLUX179_x2_unpaired,img_0000012,feature_bicubic,2048,2048,nan,nan,nan,nan,36.22780688348899,0.9741320610046387,0.010213530622422695,0.012176156044006348,0.006509742699563503,1.552058639883683,nan,0.016638362780213356
FLUX179_x2_unpaired,img_0000012,rf_1step,2048,2048,nan,nan,nan,nan,37.58187137603947,0.9828755259513855,0.011012031696736813,0.009309845976531506,0.005318207200616598,1.2679716872622435,nan,0.020550651475787163
FLUX179_x2_unpaired,img_0000013,feature_bicubic,2048,2048,nan,nan,nan,nan,33.85013739138977,0.9427322149276733,0.010962782427668571,0.016744911670684814,0.009181177243590355,1.6299579705496234,nan,0.015240760520100594
FLUX179_x2_unpaired,img_0000013,rf_1step,2048,2048,nan,nan,nan,nan,35.92154512186287,0.9218976497650146,0.011961433105170727,0.01290147379040718,0.006881934590637684,1.2217675186090269,nan,0.020911935716867447
FLUX179_x2_unpaired,img_0000014,feature_bicubic,2048,2048,nan,nan,nan,nan,33.30145816029975,0.9477769732475281,0.011453459039330482,0.017886240035295486,0.009726385585963726,1.707677768794508,nan,0.015925582498311996
FLUX179_x2_unpaired,img_0000014,rf_1step,2048,2048,nan,nan,nan,nan,36.21663845665794,0.9596145153045654,0.011697935871779919,0.013471661135554314,0.007350577972829342,1.2905532565052558,nan,0.02057018131017685
FLUX179_x2_unpaired,img_0000015,feature_bicubic,2048,2048,nan,nan,nan,nan,36.16207808258771,0.9267762899398804,0.011318176984786987,0.021366331726312637,0.011845010332763195,1.8394138974605467,nan,0.01632588915526867
FLUX179_x2_unpaired,img_0000015,rf_1step,2048,2048,nan,nan,nan,nan,36.499645033149605,0.9393905997276306,0.011878347024321556,0.020269080996513367,0.010373802855610847,1.6109498097563186,nan,0.020041074603796005
FLUX179_x2_unpaired,img_0000016,feature_bicubic,2048,2048,nan,nan,nan,nan,32.73949278269336,0.9258065223693848,0.011551610194146633,0.020827192813158035,0.012959509156644344,1.7489890801043724,nan,0.012115921825170517
FLUX179_x2_unpaired,img_0000016,rf_1step,2048,2048,nan,nan,nan,nan,37.296636333548875,0.9610363245010376,0.010256970301270485,0.012518895789980888,0.008493426255881786,1.1462555868941142,nan,0.01718156412243843
FLUX179_x2_unpaired,img_0000017,feature_bicubic,2048,2048,nan,nan,nan,nan,30.22144529470416,0.9304177761077881,0.014129209332168102,0.024554669857025146,0.012892646715044975,1.7537607987092223,nan,0.0163070410490036
FLUX179_x2_unpaired,img_0000017,rf_1step,2048,2048,nan,nan,nan,nan,33.78792593120003,0.9704488515853882,0.014269229024648666,0.015558763407170773,0.007468506693840027,1.0159259424420184,nan,0.023510199040174484
FLUX179_x2_unpaired,img_0000018,feature_bicubic,2048,2048,nan,nan,nan,nan,27.3344292405628,0.7680243253707886,0.02431449666619301,0.05877497419714928,0.034145284444093704,1.9152631604792105,nan,0.014967311173677444
FLUX179_x2_unpaired,img_0000018,rf_1step,2048,2048,nan,nan,nan,nan,30.86123777999684,0.8899969458580017,0.018013838678598404,0.04179667681455612,0.01915666088461876,1.074527492373837,nan,0.01671784557402134
FLUX179_x2_unpaired,img_0000019,feature_bicubic,2048,2048,nan,nan,nan,nan,29.070601885421326,0.9104417562484741,0.017643369734287262,0.03587520867586136,0.02024468593299389,1.658727386244268,nan,0.017308074980974197
FLUX179_x2_unpaired,img_0000019,rf_1step,2048,2048,nan,nan,nan,nan,33.92663213676774,0.9574410915374756,0.013577047735452652,0.02301594242453575,0.013715770095586777,1.1237874253164792,nan,0.019674599170684814
FLUX179_x2_unpaired,img_0000020,feature_bicubic,2048,2048,nan,nan,nan,nan,28.509086210922177,0.8663872480392456,0.01961817964911461,0.04200739413499832,0.025509420782327652,1.7962625349015098,nan,0.01439875178039074
FLUX179_x2_unpaired,img_0000020,rf_1step,2048,2048,nan,nan,nan,nan,33.00369424857458,0.9377684593200684,0.013584433123469353,0.027153870090842247,0.015339327976107597,1.0801288037530468,nan,0.01576085574924946
FLUX179_x2_unpaired,img_0000021,feature_bicubic,2048,2048,nan,nan,nan,nan,31.050343026291166,0.9045134782791138,0.01345913764089346,0.02634263038635254,0.014018118381500244,1.7050178942691896,nan,0.013991981744766235
FLUX179_x2_unpaired,img_0000021,rf_1step,2048,2048,nan,nan,nan,nan,33.82608668346526,0.925447940826416,0.013035698793828487,0.018126752227544785,0.008454274386167526,1.0282898688100974,nan,0.019508030265569687
FLUX179_x2_unpaired,img_0000022,feature_bicubic,2048,2048,nan,nan,nan,nan,35.982104666396296,0.9676608443260193,0.01019530650228262,0.011434858664870262,0.005981521215289831,1.559900967103895,nan,0.016119301319122314
FLUX179_x2_unpaired,img_0000022,rf_1step,2048,2048,nan,nan,nan,nan,36.135692103815266,0.98204106092453,0.012759177014231682,0.008252173662185669,0.003942891955375671,1.0282536420091353,nan,0.02404489926993847
FLUX179_x2_unpaired,img_0000023,feature_bicubic,2048,2048,nan,nan,nan,nan,33.78638536826399,0.9548646807670593,0.01176250260323286,0.015865791589021683,0.00941772386431694,1.573174799343362,nan,0.016169201582670212
FLUX179_x2_unpaired,img_0000023,rf_1step,2048,2048,nan,nan,nan,nan,37.03573636584033,0.9672397971153259,0.011867783963680267,0.010273422114551067,0.007031507324427366,1.17457150831314,nan,0.021775899454951286
FLUX179_x2_unpaired,img_0000024,feature_bicubic,2048,2048,nan,nan,nan,nan,30.28546356564938,0.8966795802116394,0.017121300101280212,0.03049812838435173,0.016883280128240585,1.6887128991778366,nan,0.018069343641400337
FLUX179_x2_unpaired,img_0000024,rf_1step,2048,2048,nan,nan,nan,nan,34.181059834963065,0.9537531733512878,0.013482367619872093,0.019542424008250237,0.009866888634860516,0.9869137979040651,nan,0.02019893005490303
FLUX179_x2_unpaired,img_0000025,feature_bicubic,2048,2048,nan,nan,nan,nan,29.18164155700534,0.8302911520004272,0.018201738595962524,0.043298494070768356,0.024714559316635132,1.8760631614846042,nan,0.012238556519150734
FLUX179_x2_unpaired,img_0000025,rf_1step,2048,2048,nan,nan,nan,nan,33.00762400625996,0.9212233424186707,0.014062370173633099,0.029926227405667305,0.014495737850666046,1.1003602949888711,nan,0.01675999164581299
FLUX179_x2_unpaired,img_0000026,feature_bicubic,2048,2048,nan,nan,nan,nan,33.1112415585115,0.9508883357048035,0.011541759595274925,0.015098310075700283,0.00796299334615469,1.6988891411222442,nan,0.016323324292898178
FLUX179_x2_unpaired,img_0000026,rf_1step,2048,2048,nan,nan,nan,nan,35.01018162199631,0.9704445600509644,0.013419284485280514,0.010828552767634392,0.00500278826802969,1.0673351457707339,nan,0.02355111762881279
FLUX179_x2_unpaired,img_0000027,feature_bicubic,2048,2048,nan,nan,nan,nan,28.38593406178799,0.8772377371788025,0.02077263593673706,0.0414891317486763,0.025492306798696518,1.7733908150903994,nan,0.017264340072870255
FLUX179_x2_unpaired,img_0000027,rf_1step,2048,2048,nan,nan,nan,nan,32.86316378372529,0.9459236860275269,0.015356389805674553,0.027021663263440132,0.016056951135396957,1.117013453773604,nan,0.02019796147942543
FLUX179_x2_unpaired,img_0000028,feature_bicubic,2048,2048,nan,nan,nan,nan,39.111946762730064,0.9854893684387207,0.008487209677696228,0.006404369603842497,0.0030130657833069563,1.4280988435848374,nan,0.015471190214157104
FLUX179_x2_unpaired,img_0000028,rf_1step,2048,2048,nan,nan,nan,nan,35.54756289310777,0.9868699908256531,0.014368873089551926,0.005342140793800354,0.0021306704729795456,1.0098710938806148,nan,0.028276314958930016
FLUX179_x2_unpaired,img_0000029,feature_bicubic,2048,2048,nan,nan,nan,nan,27.806396161027326,0.862677276134491,0.017996665090322495,0.04059356451034546,0.02270389162003994,1.858916556874351,nan,0.013824108056724072
FLUX179_x2_unpaired,img_0000029,rf_1step,2048,2048,nan,nan,nan,nan,31.619674543219904,0.8963963389396667,0.01353374496102333,0.027556080371141434,0.012149433605372906,0.9947538361986599,nan,0.015139369294047356
FLUX179_x2_unpaired,img_0000030,feature_bicubic,2048,2048,nan,nan,nan,nan,31.451216616560167,0.8986510038375854,0.015113833360373974,0.02832740731537342,0.016353018581867218,1.8139367047978374,nan,0.016544200479984283
FLUX179_x2_unpaired,img_0000030,rf_1step,2048,2048,nan,nan,nan,nan,34.275681737505074,0.9509752988815308,0.01375025324523449,0.021573804318904877,0.011014720425009727,1.2217931247363767,nan,0.020677901804447174
FLUX179_x2_unpaired,img_0000031,feature_bicubic,2048,2048,nan,nan,nan,nan,31.26165057644831,0.9089629054069519,0.012982207350432873,0.026167314499616623,0.015289261937141418,1.8132801037023487,nan,0.01372542604804039
FLUX179_x2_unpaired,img_0000031,rf_1step,2048,2048,nan,nan,nan,nan,34.43114845489893,0.9120499491691589,0.012143025174736977,0.020298928022384644,0.011067448183894157,1.3125802719005604,nan,0.018367566168308258
FLUX179_x2_unpaired,img_0000032,feature_bicubic,2048,2048,nan,nan,nan,nan,33.339710890134654,0.9325887560844421,0.013218721374869347,0.020212385803461075,0.010997317731380463,1.6929047782279945,nan,0.01806785725057125
FLUX179_x2_unpaired,img_0000032,rf_1step,2048,2048,nan,nan,nan,nan,35.89144561567395,0.9631468653678894,0.012474305927753448,0.015278663486242294,0.007854643277823925,1.2091278492719664,nan,0.02119690179824829
FLUX179_x2_unpaired,img_0000033,feature_bicubic,2048,2048,nan,nan,nan,nan,34.79461461420236,0.9551612138748169,0.010208158753812313,0.01424228586256504,0.007609134539961815,1.6023835374856241,nan,0.015275513753294945
FLUX179_x2_unpaired,img_0000033,rf_1step,2048,2048,nan,nan,nan,nan,36.330707833646855,0.9398667216300964,0.011429710313677788,0.011128643527626991,0.005671319551765919,1.1943052180038942,nan,0.020621906965970993
FLUX179_x2_unpaired,img_0000034,feature_bicubic,2048,2048,nan,nan,nan,nan,27.630399781363067,0.8920747637748718,0.021837344393134117,0.04429847002029419,0.02524704858660698,1.6369372509878966,nan,0.019088495522737503
FLUX179_x2_unpaired,img_0000034,rf_1step,2048,2048,nan,nan,nan,nan,33.40753010874852,0.966502845287323,0.013439081609249115,0.02290564402937889,0.01642010360956192,1.0646265907624266,nan,0.018160216510295868
FLUX179_x2_unpaired,img_0000035,feature_bicubic,2048,2048,nan,nan,nan,nan,37.18430079596783,0.9553971290588379,0.009539822116494179,0.01516812015324831,0.00823715515434742,1.7264373007890068,nan,0.014766472391784191
FLUX179_x2_unpaired,img_0000035,rf_1step,2048,2048,nan,nan,nan,nan,37.53164231586255,0.9616289138793945,0.010904896073043346,0.013859864324331284,0.00718394061550498,1.5056925373944252,nan,0.01983189582824707
FLUX179_x2_unpaired,img_0000036,feature_bicubic,2048,2048,nan,nan,nan,nan,27.05696185535333,0.8065395355224609,0.025185763835906982,0.059407420456409454,0.03257512301206589,1.8196922076762665,nan,0.017994653433561325
FLUX179_x2_unpaired,img_0000036,rf_1step,2048,2048,nan,nan,nan,nan,31.227490109993063,0.9221463203430176,0.017952553927898407,0.04019065201282501,0.018429458141326904,1.0294954637330678,nan,0.018264956772327423
FLUX179_x2_unpaired,img_0000037,feature_bicubic,2048,2048,nan,nan,nan,nan,35.815844581671094,0.9537646174430847,0.011295835487544537,0.014740945771336555,0.0084220627322793,1.7041186147169016,nan,0.017888300120830536
FLUX179_x2_unpaired,img_0000037,rf_1step,2048,2048,nan,nan,nan,nan,35.554559649474584,0.9664473533630371,0.014174284413456917,0.012446749955415726,0.007081692107021809,1.4329082704426248,nan,0.026751965284347534
FLUX179_x2_unpaired,img_0000038,feature_bicubic,2048,2048,nan,nan,nan,nan,34.070530925858414,0.940741240978241,0.012181214988231659,0.018198581412434578,0.00996028445661068,1.7322142620206387,nan,0.017305023968219757
FLUX179_x2_unpaired,img_0000038,rf_1step,2048,2048,nan,nan,nan,nan,35.60443346021114,0.965768039226532,0.012977796606719494,0.014764685183763504,0.007509860210120678,1.3060557676260371,nan,0.022477898746728897
FLUX179_x2_unpaired,img_0000039,feature_bicubic,2048,2048,nan,nan,nan,nan,32.26726009009476,0.9496258497238159,0.012335263192653656,0.01960231363773346,0.01065592747181654,1.6559770363148802,nan,0.016011623665690422
FLUX179_x2_unpaired,img_0000039,rf_1step,2048,2048,nan,nan,nan,nan,34.83410263843809,0.9739354848861694,0.013370878994464874,0.013197666965425014,0.006913244724273682,1.0743480133569845,nan,0.023390023037791252
FLUX179_x2_unpaired,img_0000040,feature_bicubic,2048,2048,nan,nan,nan,nan,27.196271770103216,0.8314189314842224,0.02078983560204506,0.0479084737598896,0.0273347906768322,1.8737040624073737,nan,0.013875911943614483
FLUX179_x2_unpaired,img_0000040,rf_1step,2048,2048,nan,nan,nan,nan,31.257771954426875,0.9271305799484253,0.01525305025279522,0.03199223428964615,0.01454249955713749,0.996837357194781,nan,0.01669030264019966
FLUX179_x2_unpaired,img_0000041,feature_bicubic,2048,2048,nan,nan,nan,nan,36.16681137442362,0.9674673080444336,0.010420886799693108,0.012716071680188179,0.006755257956683636,1.629006838281937,nan,0.017203301191329956
FLUX179_x2_unpaired,img_0000041,rf_1step,2048,2048,nan,nan,nan,nan,35.97955519642615,0.9744121432304382,0.013496777042746544,0.010521236807107925,0.00556141696870327,1.3411162579796518,nan,0.025644145905971527
FLUX179_x2_unpaired,img_0000042,feature_bicubic,2048,2048,nan,nan,nan,nan,26.77959638508314,0.8788714408874512,0.021886229515075684,0.04853073135018349,0.026879001408815384,1.8247604287756833,nan,0.01802859827876091
FLUX179_x2_unpaired,img_0000042,rf_1step,2048,2048,nan,nan,nan,nan,30.928823378096638,0.9496827125549316,0.016070952638983727,0.03269324451684952,0.015907619148492813,1.0799357273996038,nan,0.01841643825173378
FLUX179_x2_unpaired,img_0000043,feature_bicubic,2048,2048,nan,nan,nan,nan,31.404905889658423,0.9256061315536499,0.014312557876110077,0.02527356892824173,0.014216598123311996,1.6925537399835235,nan,0.016541538760066032
FLUX179_x2_unpaired,img_0000043,rf_1step,2048,2048,nan,nan,nan,nan,33.89796753757919,0.9437097907066345,0.014934435486793518,0.017048221081495285,0.009235817939043045,1.0995681286721537,nan,0.0252113938331604
FLUX179_x2_unpaired,img_0000044,feature_bicubic,2048,2048,nan,nan,nan,nan,31.86446848204487,0.8691524863243103,0.015366723760962486,0.03292813152074814,0.018388157710433006,1.8686696807089465,nan,0.016727756708860397
FLUX179_x2_unpaired,img_0000044,rf_1step,2048,2048,nan,nan,nan,nan,33.784606057391024,0.9183152914047241,0.014179429039359093,0.027428297325968742,0.013191912323236465,1.3406088297261078,nan,0.01973723992705345
FLUX179_x2_unpaired,img_0000045,feature_bicubic,2048,2048,nan,nan,nan,nan,32.59989112880544,0.9187078475952148,0.011730000376701355,0.02369612827897072,0.013655101880431175,1.8003102091775454,nan,0.013486954383552074
FLUX179_x2_unpaired,img_0000045,rf_1step,2048,2048,nan,nan,nan,nan,36.26851885122154,0.9346334934234619,0.010471675544977188,0.019520647823810577,0.010693779215216637,1.4098847496286306,nan,0.015896793454885483
FLUX179_x2_unpaired,img_0000046,feature_bicubic,2048,2048,nan,nan,nan,nan,29.797357664402835,0.9361187219619751,0.013727954588830471,0.025038624182343483,0.013988276943564415,1.7111715485080365,nan,0.015210325829684734
FLUX179_x2_unpaired,img_0000046,rf_1step,2048,2048,nan,nan,nan,nan,34.88287520399251,0.9655671119689941,0.012341848574578762,0.015357033349573612,0.008787198923528194,1.0749290173254462,nan,0.019741516560316086
FLUX179_x2_unpaired,img_0000047,feature_bicubic,2048,2048,nan,nan,nan,nan,36.378232947371124,0.9458767175674438,0.00936145894229412,0.011947572231292725,0.00616377592086792,1.7978864259561802,nan,0.014182440005242825
FLUX179_x2_unpaired,img_0000047,rf_1step,2048,2048,nan,nan,nan,nan,34.988255235793616,0.9414553046226501,0.013547969982028008,0.008547421544790268,0.0037039457820355892,1.0803886983389466,nan,0.025318298488855362
FLUX179_x2_unpaired,img_0000048,feature_bicubic,2048,2048,nan,nan,nan,nan,34.2263348111004,0.9334885478019714,0.01162226777523756,0.02015051245689392,0.010928940027952194,1.7981858256828438,nan,0.015287352725863457
FLUX179_x2_unpaired,img_0000048,rf_1step,2048,2048,nan,nan,nan,nan,34.887434323571036,0.9604859352111816,0.013846056535840034,0.016189653426408768,0.007973468862473965,1.3119093574814618,nan,0.02390889637172222
FLUX179_x2_unpaired,img_0000049,feature_bicubic,2048,2048,nan,nan,nan,nan,32.888071051033165,0.9344541430473328,0.01371048204600811,0.020557818934321404,0.01113099791109562,1.6724668884435563,nan,0.017822790890932083
FLUX179_x2_unpaired,img_0000049,rf_1step,2048,2048,nan,nan,nan,nan,35.67100353850727,0.9690680503845215,0.012293150648474693,0.013492148369550705,0.006772574037313461,1.0176002113564637,nan,0.020712312310934067
FLUX179_x2_unpaired,img_0000050,feature_bicubic,2048,2048,nan,nan,nan,nan,31.208591735623486,0.9055797457695007,0.014869431965053082,0.02767547033727169,0.014950951561331749,1.7960468639169767,nan,0.016223937273025513
FLUX179_x2_unpaired,img_0000050,rf_1step,2048,2048,nan,nan,nan,nan,33.38744143123209,0.9472627639770508,0.015098465606570244,0.019329508766531944,0.008482646197080612,1.0190140766282325,nan,0.023660439997911453
FLUX179_x2_unpaired,img_0000051,feature_bicubic,2048,2048,nan,nan,nan,nan,33.28780139710719,0.9446136355400085,0.012419037520885468,0.018613319844007492,0.010838963091373444,1.7265790785444706,nan,0.016885021701455116
FLUX179_x2_unpaired,img_0000051,rf_1step,2048,2048,nan,nan,nan,nan,36.14962878682527,0.9749800562858582,0.012751279398798943,0.01281699351966381,0.007528923451900482,1.1993104512331174,nan,0.022517120465636253
FLUX179_x2_unpaired,img_0000052,feature_bicubic,2048,2048,nan,nan,nan,nan,27.167271960394498,0.8322805762290955,0.021708399057388306,0.04995741695165634,0.029416847974061966,1.8954898633980601,nan,0.014355498366057873
FLUX179_x2_unpaired,img_0000052,rf_1step,2048,2048,nan,nan,nan,nan,31.031638024473487,0.8999032974243164,0.015286147594451904,0.03333436697721481,0.01570235751569271,1.0117895543632585,nan,0.015095602720975876
FLUX179_x2_unpaired,img_0000053,feature_bicubic,2048,2048,nan,nan,nan,nan,29.731659365622964,0.8674613833427429,0.01841689459979534,0.037752144038677216,0.022113343700766563,1.8643609564043495,nan,0.01718766614794731
FLUX179_x2_unpaired,img_0000053,rf_1step,2048,2048,nan,nan,nan,nan,33.10295797600452,0.9320151209831238,0.01562606170773506,0.02790353074669838,0.014154328033328056,1.1933417626282188,nan,0.021561548113822937
FLUX179_x2_unpaired,img_0000054,feature_bicubic,2048,2048,nan,nan,nan,nan,31.530480204990138,0.938299298286438,0.013668544590473175,0.02073691412806511,0.01226069312542677,1.6746790954624096,nan,0.016120512038469315
FLUX179_x2_unpaired,img_0000054,rf_1step,2048,2048,nan,nan,nan,nan,36.782542608688644,0.9729931354522705,0.010706987231969833,0.010943254455924034,0.007695052772760391,1.0510616231228214,nan,0.01811634562909603
FLUX179_x2_unpaired,img_0000055,feature_bicubic,2048,2048,nan,nan,nan,nan,30.65757694372433,0.8877526521682739,0.015711773186922073,0.03238740563392639,0.020251478999853134,1.8001814680700639,nan,0.013115721754729748
FLUX179_x2_unpaired,img_0000055,rf_1step,2048,2048,nan,nan,nan,nan,34.8942078732717,0.9447280764579773,0.012849090620875359,0.021601077169179916,0.013264447450637817,1.1790947458701941,nan,0.018229646608233452
FLUX179_x2_unpaired,img_0000056,feature_bicubic,2048,2048,nan,nan,nan,nan,27.29683222030735,0.8521894216537476,0.0183766670525074,0.045342087745666504,0.025365008041262627,1.9335108095481057,nan,0.012846528552472591
FLUX179_x2_unpaired,img_0000056,rf_1step,2048,2048,nan,nan,nan,nan,30.652139453331905,0.8966686129570007,0.014398949220776558,0.033795300871133804,0.01516050100326538,1.1556468864623852,nan,0.014181526377797127
FLUX179_x2_unpaired,img_0000057,feature_bicubic,2048,2048,nan,nan,nan,nan,29.04632381221142,0.8938507437705994,0.016030317172408104,0.03323918208479881,0.017800135537981987,1.8515752157898526,nan,0.015989644452929497
FLUX179_x2_unpaired,img_0000057,rf_1step,2048,2048,nan,nan,nan,nan,31.164804799146935,0.9157222509384155,0.015335960313677788,0.02645670436322689,0.010700881481170654,1.1131087679283176,nan,0.02026256173849106
FLUX179_x2_unpaired,img_0000058,feature_bicubic,2048,2048,nan,nan,nan,nan,30.8062345362272,0.8788348436355591,0.01480323076248169,0.0298943929374218,0.018277708441019058,1.8589953195337947,nan,0.013659888878464699
FLUX179_x2_unpaired,img_0000058,rf_1step,2048,2048,nan,nan,nan,nan,34.58226590488688,0.9484154582023621,0.01352977566421032,0.0195966437458992,0.010816967114806175,1.100175730610052,nan,0.021259862929582596
FLUX179_x2_unpaired,img_0000059,feature_bicubic,2048,2048,nan,nan,nan,nan,33.702035081023524,0.9517210721969604,0.011674730107188225,0.016667941585183144,0.009016014635562897,1.7433557656118033,nan,0.01612408459186554
FLUX179_x2_unpaired,img_0000059,rf_1step,2048,2048,nan,nan,nan,nan,36.16802806316797,0.976986825466156,0.01159709319472313,0.010974651202559471,0.005538450088351965,1.0709264885170384,nan,0.020077958703041077
FLUX179_x2_unpaired,img_0000060,feature_bicubic,2048,2048,nan,nan,nan,nan,33.27978552219487,0.9523643255233765,0.011635726317763329,0.01716822385787964,0.009011631831526756,1.6836074585871599,nan,0.016650831326842308
FLUX179_x2_unpaired,img_0000060,rf_1step,2048,2048,nan,nan,nan,nan,36.10383760206706,0.967327356338501,0.012106964364647865,0.0122538385912776,0.0063664913177490234,1.1894263400879181,nan,0.02141268365085125
FLUX179_x2_unpaired,img_0000061,feature_bicubic,2048,2048,nan,nan,nan,nan,27.358468884953876,0.845946729183197,0.02076885849237442,0.047193318605422974,0.027346661314368248,1.9003577337638866,nan,0.015287930145859718
FLUX179_x2_unpaired,img_0000061,rf_1step,2048,2048,nan,nan,nan,nan,31.196952373596567,0.9378935694694519,0.01676645502448082,0.03158162161707878,0.015652989968657494,1.0877481606077364,nan,0.020427167415618896
FLUX179_x2_unpaired,img_0000062,feature_bicubic,2048,2048,nan,nan,nan,nan,28.167722049098387,0.8819179534912109,0.01984451711177826,0.04268304258584976,0.02415589615702629,1.740468262076022,nan,0.017524100840091705
FLUX179_x2_unpaired,img_0000062,rf_1step,2048,2048,nan,nan,nan,nan,32.36563643731938,0.9430143237113953,0.015215340070426464,0.028477180749177933,0.0158834271132946,1.1444245580450536,nan,0.020458316430449486
FLUX179_x2_unpaired,img_0000063,feature_bicubic,2048,2048,nan,nan,nan,nan,34.15821285534599,0.9554471969604492,0.0117352195084095,0.015670230612158775,0.008280707523226738,1.5254558262759481,nan,0.01723308488726616
FLUX179_x2_unpaired,img_0000063,rf_1step,2048,2048,nan,nan,nan,nan,36.70789129281862,0.9510763883590698,0.011182761751115322,0.011476252228021622,0.006223753094673157,1.1465276841311,nan,0.019911322742700577
FLUX179_x2_unpaired,img_0000064,feature_bicubic,2048,2048,nan,nan,nan,nan,32.232230174649395,0.8723769187927246,0.014306684955954552,0.028690528124570847,0.015864819288253784,1.9076628948036805,nan,0.015082985162734985
FLUX179_x2_unpaired,img_0000064,rf_1step,2048,2048,nan,nan,nan,nan,33.996766019112684,0.9245264530181885,0.013590974733233452,0.0237446092069149,0.010323524475097656,1.241350703523148,nan,0.018452417105436325
FLUX179_x2_unpaired,img_0000065,feature_bicubic,2048,2048,nan,nan,nan,nan,28.52958589900847,0.846123456954956,0.019322779029607773,0.044472455978393555,0.025534838438034058,1.8429678843072812,nan,0.01433882862329483
FLUX179_x2_unpaired,img_0000065,rf_1step,2048,2048,nan,nan,nan,nan,32.61191133020155,0.9232075214385986,0.014932948164641857,0.03117578849196434,0.015613059513270855,1.1268670185074339,nan,0.01791902631521225
FLUX179_x2_unpaired,img_0000066,feature_bicubic,2048,2048,nan,nan,nan,nan,30.80241436539741,0.8834911584854126,0.016246113926172256,0.03196275979280472,0.018490782007575035,1.8204332622372936,nan,0.01586323045194149
FLUX179_x2_unpaired,img_0000066,rf_1step,2048,2048,nan,nan,nan,nan,34.166688368143554,0.9512465000152588,0.01415907870978117,0.02102433331310749,0.010805266909301281,1.0637877446711437,nan,0.021421831101179123
FLUX179_x2_unpaired,img_0000067,feature_bicubic,2048,2048,nan,nan,nan,nan,31.01152473583785,0.9302653074264526,0.014767354354262352,0.02798360399901867,0.015156468376517296,1.729556878295632,nan,0.017459869384765625
FLUX179_x2_unpaired,img_0000067,rf_1step,2048,2048,nan,nan,nan,nan,33.88431052508014,0.9577586054801941,0.014057917520403862,0.021387271583080292,0.010803891345858574,1.232869302095431,nan,0.021947607398033142
FLUX179_x2_unpaired,img_0000068,feature_bicubic,2048,2048,nan,nan,nan,nan,33.47009305661679,0.9623680114746094,0.011121592484414577,0.01386539451777935,0.007507835980504751,1.663561988879909,nan,0.016505759209394455
FLUX179_x2_unpaired,img_0000068,rf_1step,2048,2048,nan,nan,nan,nan,36.36719406829442,0.9833693504333496,0.0129061508923769,0.008346637710928917,0.004827483557164669,1.0696581769360927,nan,0.02415578067302704
FLUX179_x2_unpaired,img_0000069,feature_bicubic,2048,2048,nan,nan,nan,nan,35.04445086851351,0.9469934701919556,0.010964905843138695,0.016809752210974693,0.009386774152517319,1.776172402162217,nan,0.016225028783082962
FLUX179_x2_unpaired,img_0000069,rf_1step,2048,2048,nan,nan,nan,nan,36.456063048390014,0.959949254989624,0.011943735182285309,0.014142499305307865,0.007411470171064138,1.402403910374504,nan,0.021333426237106323
FLUX179_x2_unpaired,img_0000070,feature_bicubic,2048,2048,nan,nan,nan,nan,28.919099906481748,0.885208010673523,0.018196776509284973,0.03581807017326355,0.020672336220741272,1.83625383156921,nan,0.01687519997358322
FLUX179_x2_unpaired,img_0000070,rf_1step,2048,2048,nan,nan,nan,nan,32.722067403601315,0.9499087333679199,0.015255250036716461,0.023922089487314224,0.011477561667561531,1.0195130518429627,nan,0.021839268505573273
FLUX179_x2_unpaired,img_0000071,feature_bicubic,2048,2048,nan,nan,nan,nan,26.388217434444606,0.8246622085571289,0.02604661136865616,0.05733415484428406,0.03465349227190018,1.7795422276144115,nan,0.01698567532002926
FLUX179_x2_unpaired,img_0000071,rf_1step,2048,2048,nan,nan,nan,nan,31.67444213332631,0.9392646551132202,0.01652473583817482,0.033145442605018616,0.022007375955581665,1.1301329899064796,nan,0.018826667219400406
FLUX179_x2_unpaired,img_0000072,feature_bicubic,2048,2048,nan,nan,nan,nan,35.417801317419496,0.9555076360702515,0.010768942534923553,0.014241084456443787,0.007807242684066296,1.6042660306985879,nan,0.015891840681433678
FLUX179_x2_unpaired,img_0000072,rf_1step,2048,2048,nan,nan,nan,nan,36.1356365537372,0.9673889875411987,0.012554852291941643,0.010443650186061859,0.005386830307543278,1.1069092156141722,nan,0.023022381588816643
FLUX179_x2_unpaired,img_0000073,feature_bicubic,2048,2048,nan,nan,nan,nan,27.1153232325678,0.7648465037345886,0.02342015504837036,0.059679076075553894,0.034205906093120575,1.9348179243701649,nan,0.015005813911557198
FLUX179_x2_unpaired,img_0000073,rf_1step,2048,2048,nan,nan,nan,nan,30.099175821801115,0.8682552576065063,0.01873687095940113,0.0455651581287384,0.019190717488527298,1.0855009680855738,nan,0.018338248133659363
FLUX179_x2_unpaired,img_0000074,feature_bicubic,2048,2048,nan,nan,nan,nan,34.683088278533475,0.9201925992965698,0.011048841290175915,0.01930353417992592,0.010907584801316261,1.7130899459507531,nan,0.014132274314761162
FLUX179_x2_unpaired,img_0000074,rf_1step,2048,2048,nan,nan,nan,nan,36.22083278162967,0.9081777930259705,0.01140173152089119,0.016385182738304138,0.008699902333319187,1.3663625348266013,nan,0.018605798482894897
FLUX179_x2_unpaired,img_0000075,feature_bicubic,2048,2048,nan,nan,nan,nan,35.99536910010234,0.9686669111251831,0.010155155323445797,0.012399743311107159,0.006328318268060684,1.566349503970575,nan,0.015997497364878654
FLUX179_x2_unpaired,img_0000075,rf_1step,2048,2048,nan,nan,nan,nan,36.39804304320713,0.9816063642501831,0.012606630101799965,0.008833898231387138,0.004277675412595272,1.0587859960335164,nan,0.02366725727915764
FLUX179_x2_unpaired,img_0000076,feature_bicubic,2048,2048,nan,nan,nan,nan,32.056502810167636,0.953913688659668,0.012146948836743832,0.018768496811389923,0.010074300691485405,1.6002682401092192,nan,0.01590602844953537
FLUX179_x2_unpaired,img_0000076,rf_1step,2048,2048,nan,nan,nan,nan,35.730634667802164,0.9764742851257324,0.011776655912399292,0.012430418282747269,0.006948986556380987,1.1038227692092841,nan,0.020405840128660202
FLUX179_x2_unpaired,img_0000077,feature_bicubic,2048,2048,nan,nan,nan,nan,28.252890528218487,0.7662233114242554,0.02287323586642742,0.05503533035516739,0.03226451203227043,1.8999937258742314,nan,0.013809038326144218
FLUX179_x2_unpaired,img_0000077,rf_1step,2048,2048,nan,nan,nan,nan,31.571188374407747,0.8790728449821472,0.01727418601512909,0.04128189757466316,0.019295604899525642,1.1362802638818323,nan,0.016568325459957123
FLUX179_x2_unpaired,img_0000078,feature_bicubic,2048,2048,nan,nan,nan,nan,31.558831963835296,0.9337689280509949,0.013521134853363037,0.023455824702978134,0.013585500419139862,1.6854597020243791,nan,0.01587473414838314
FLUX179_x2_unpaired,img_0000078,rf_1step,2048,2048,nan,nan,nan,nan,34.55886470838345,0.960442066192627,0.012609112076461315,0.01625514030456543,0.009199697524309158,1.141343268164887,nan,0.020354248583316803
FLUX179_x2_unpaired,img_0000079,feature_bicubic,2048,2048,nan,nan,nan,nan,34.331763419944565,0.9242438673973083,0.011721529066562653,0.022946663200855255,0.012844542972743511,1.8534267716425383,nan,0.01522753294557333
FLUX179_x2_unpaired,img_0000079,rf_1step,2048,2048,nan,nan,nan,nan,35.62556232503268,0.9479486346244812,0.011801166459918022,0.01991729810833931,0.010350048542022705,1.4934791449015898,nan,0.018410876393318176
FLUX179_x2_unpaired,img_0000080,feature_bicubic,2048,2048,nan,nan,nan,nan,33.84648185630427,0.9494976997375488,0.012208785861730576,0.01731802150607109,0.009573360905051231,1.6284390581991723,nan,0.017192091792821884
FLUX179_x2_unpaired,img_0000080,rf_1step,2048,2048,nan,nan,nan,nan,36.435449198068845,0.9747036695480347,0.011904673650860786,0.013386980630457401,0.007266167551279068,1.2359829699598013,nan,0.020776327699422836
FLUX179_x2_unpaired,img_0000081,feature_bicubic,2048,2048,nan,nan,nan,nan,32.140009958291934,0.944391667842865,0.013391565531492233,0.020189061760902405,0.010745376348495483,1.681129151302804,nan,0.017806513234972954
FLUX179_x2_unpaired,img_0000081,rf_1step,2048,2048,nan,nan,nan,nan,35.347560597033635,0.9753903746604919,0.012280527502298355,0.013622894883155823,0.006902522407472134,1.079909280082773,nan,0.020842120051383972
FLUX179_x2_unpaired,img_0000082,feature_bicubic,2048,2048,nan,nan,nan,nan,34.84211951828079,0.9398543834686279,0.010909518226981163,0.017026783898472786,0.00907887052744627,1.7588265520236397,nan,0.015441401861608028
FLUX179_x2_unpaired,img_0000082,rf_1step,2048,2048,nan,nan,nan,nan,36.41797521838912,0.9565874934196472,0.012132312171161175,0.01309104822576046,0.006226794794201851,1.2063011566181414,nan,0.02176712453365326
FLUX179_x2_unpaired,img_0000083,feature_bicubic,2048,2048,nan,nan,nan,nan,36.90285429532287,0.9487546682357788,0.010418882593512535,0.016902990639209747,0.00929548591375351,1.7066252464795235,nan,0.016162652522325516
FLUX179_x2_unpaired,img_0000083,rf_1step,2048,2048,nan,nan,nan,nan,37.62287567958404,0.9563207626342773,0.010563652962446213,0.016078917309641838,0.008584542199969292,1.5760979666764472,nan,0.018482889980077744
FLUX179_x2_unpaired,img_0000084,feature_bicubic,2048,2048,nan,nan,nan,nan,30.447512017285682,0.873304545879364,0.015437621623277664,0.031194103881716728,0.017666533589363098,1.9124190468278777,nan,0.014573468826711178
FLUX179_x2_unpaired,img_0000084,rf_1step,2048,2048,nan,nan,nan,nan,32.15987104316921,0.9247716665267944,0.014696946367621422,0.025526132434606552,0.010783339850604534,1.167306784570954,nan,0.01840866543352604
FLUX179_x2_unpaired,img_0000085,feature_bicubic,2048,2048,nan,nan,nan,nan,29.993950635789144,0.8762504458427429,0.016956478357315063,0.034772686660289764,0.019497612491250038,1.774427511260427,nan,0.015539146959781647
FLUX179_x2_unpaired,img_0000085,rf_1step,2048,2048,nan,nan,nan,nan,34.11079561282984,0.947838306427002,0.013749105855822563,0.022108104079961777,0.011786259710788727,1.0726371495519984,nan,0.019972749054431915
FLUX179_x2_unpaired,img_0000086,feature_bicubic,2048,2048,nan,nan,nan,nan,25.060882508634826,0.7978553771972656,0.033019304275512695,0.07717730104923248,0.04257294535636902,1.6894656536849744,nan,0.022394120693206787
FLUX179_x2_unpaired,img_0000086,rf_1step,2048,2048,nan,nan,nan,nan,29.789723893591574,0.9181747436523438,0.020283374935388565,0.04633742943406105,0.02442452311515808,0.9692632859972198,nan,0.01950640231370926
FLUX179_x2_unpaired,img_0000087,feature_bicubic,2048,2048,nan,nan,nan,nan,30.574101780260104,0.9113492965698242,0.015455077402293682,0.02846144512295723,0.016278384253382683,1.7678903653577769,nan,0.01727083884179592
FLUX179_x2_unpaired,img_0000087,rf_1step,2048,2048,nan,nan,nan,nan,34.327225736239114,0.9565639495849609,0.013815606944262981,0.020045962184667587,0.010514162480831146,1.1418754011661203,nan,0.021535411477088928
FLUX179_x2_unpaired,img_0000088,feature_bicubic,2048,2048,nan,nan,nan,nan,37.362680592219085,0.9465857744216919,0.010559098795056343,0.01733957789838314,0.009380572475492954,1.7384931536877193,nan,0.016409872099757195
FLUX179_x2_unpaired,img_0000088,rf_1step,2048,2048,nan,nan,nan,nan,36.866988089558475,0.9534392356872559,0.01189060416072607,0.0167185440659523,0.00833499152213335,1.544716565554016,nan,0.020999174565076828
FLUX179_x2_unpaired,img_0000089,feature_bicubic,2048,2048,nan,nan,nan,nan,28.618019637659003,0.8708431124687195,0.018966004252433777,0.04075581580400467,0.023646673187613487,1.8485740843248837,nan,0.016873743385076523
FLUX179_x2_unpaired,img_0000089,rf_1step,2048,2048,nan,nan,nan,nan,31.795660232206366,0.9281825423240662,0.016608377918601036,0.03055865690112114,0.01564006134867668,1.2226587586772875,nan,0.02188342623412609
FLUX179_x2_unpaired,img_0000090,feature_bicubic,2048,2048,nan,nan,nan,nan,25.919323343315103,0.8297125697135925,0.02512778341770172,0.05541557818651199,0.032482050359249115,1.798956236840775,nan,0.017025936394929886
FLUX179_x2_unpaired,img_0000090,rf_1step,2048,2048,nan,nan,nan,nan,31.649796204551674,0.9380401968955994,0.015914909541606903,0.031946081668138504,0.018623389303684235,1.0314207991318136,nan,0.017819685861468315
FLUX179_x2_unpaired,img_0000091,feature_bicubic,2048,2048,nan,nan,nan,nan,34.0411638639619,0.9621104598045349,0.011772356927394867,0.014715775847434998,0.007732038386166096,1.5426904280484472,nan,0.017484260722994804
FLUX179_x2_unpaired,img_0000091,rf_1step,2048,2048,nan,nan,nan,nan,35.87602062046865,0.9716628789901733,0.012324991635978222,0.010101227089762688,0.005220609717071056,1.0416120868607939,nan,0.022250836715102196
FLUX179_x2_unpaired,img_0000092,feature_bicubic,2048,2048,nan,nan,nan,nan,39.87512352949564,0.9828693866729736,0.00842047855257988,0.006833925843238831,0.00341608002781868,1.620655919329246,nan,0.015497924759984016
FLUX179_x2_unpaired,img_0000092,rf_1step,2048,2048,nan,nan,nan,nan,37.38687181707556,0.9902541637420654,0.011460475623607635,0.005718551576137543,0.002654042560607195,1.259130275336777,nan,0.022298302501440048
FLUX179_x2_unpaired,img_0000093,feature_bicubic,2048,2048,nan,nan,nan,nan,30.85570686389115,0.9126408100128174,0.015239833854138851,0.028048373758792877,0.016102449968457222,1.6833920528906359,nan,0.016874808818101883
FLUX179_x2_unpaired,img_0000093,rf_1step,2048,2048,nan,nan,nan,nan,34.351738166779015,0.9548606872558594,0.013631950132548809,0.019671190530061722,0.010720066726207733,1.120703692214883,nan,0.02128002606332302
FLUX179_x2_unpaired,img_0000094,feature_bicubic,2048,2048,nan,nan,nan,nan,28.2547300059584,0.8838380575180054,0.018076974898576736,0.03973641246557236,0.021784057840704918,1.8294379080959542,nan,0.017023522406816483
FLUX179_x2_unpaired,img_0000094,rf_1step,2048,2048,nan,nan,nan,nan,31.732364254732452,0.9320014715194702,0.015212243422865868,0.03035101294517517,0.013944908045232296,1.171101527062172,nan,0.01986955851316452
FLUX179_x2_unpaired,img_0000095,feature_bicubic,2048,2048,nan,nan,nan,nan,34.79382704837676,0.9638772010803223,0.010467417538166046,0.011909542605280876,0.006196038331836462,1.665706617914367,nan,0.01618257723748684
FLUX179_x2_unpaired,img_0000095,rf_1step,2048,2048,nan,nan,nan,nan,35.1939588884589,0.9720010757446289,0.014477480202913284,0.007833505049347878,0.0038624703884124756,1.0383638936542894,nan,0.027372002601623535
FLUX179_x2_unpaired,img_0000096,feature_bicubic,2048,2048,nan,nan,nan,nan,27.167950121364616,0.8796929121017456,0.01768912747502327,0.04113730415701866,0.02433539740741253,1.9403149303192757,nan,0.011998709291219711
FLUX179_x2_unpaired,img_0000096,rf_1step,2048,2048,nan,nan,nan,nan,30.62062304797044,0.9201745390892029,0.013577373698353767,0.027746908366680145,0.013183328323066235,1.0511358556550559,nan,0.014823093079030514
FLUX179_x2_unpaired,img_0000097,feature_bicubic,2048,2048,nan,nan,nan,nan,29.232744232699343,0.8672224283218384,0.016099318861961365,0.03694825619459152,0.021602487191557884,2.0035336415458813,nan,0.013658094219863415
FLUX179_x2_unpaired,img_0000097,rf_1step,2048,2048,nan,nan,nan,nan,31.634015199636437,0.9233929514884949,0.014457505196332932,0.030021872371435165,0.013454645872116089,1.247857961948269,nan,0.016195621341466904
FLUX179_x2_unpaired,img_0000098,feature_bicubic,2048,2048,nan,nan,nan,nan,31.22542276184863,0.9162999987602234,0.014230050146579742,0.030660010874271393,0.016973217949271202,1.7946026584949637,nan,0.015170909464359283
FLUX179_x2_unpaired,img_0000098,rf_1step,2048,2048,nan,nan,nan,nan,34.71638960054262,0.9450317621231079,0.012086230330169201,0.024044986814260483,0.012736223638057709,1.3466191778339933,nan,0.016798414289951324
FLUX179_x2_unpaired,img_0000099,feature_bicubic,2048,2048,nan,nan,nan,nan,36.97136750988814,0.9472517967224121,0.010218432173132896,0.015160835348069668,0.00800709705799818,1.7671943207599041,nan,0.0167373176664114
FLUX179_x2_unpaired,img_0000099,rf_1step,2048,2048,nan,nan,nan,nan,36.73336439189591,0.9555241465568542,0.012227981351315975,0.013762926682829857,0.006650584749877453,1.4678073107626533,nan,0.02264244481921196
FLUX179_x2_unpaired,img_0000100,feature_bicubic,2048,2048,nan,nan,nan,nan,32.39428440577894,0.9300930500030518,0.01295199990272522,0.021716270595788956,0.011727264150977135,1.792364846028734,nan,0.01574564538896084
FLUX179_x2_unpaired,img_0000100,rf_1step,2048,2048,nan,nan,nan,nan,34.35995488064868,0.9649128317832947,0.013905402272939682,0.01473522000014782,0.006643322762101889,1.015348339247718,nan,0.023142918944358826
FLUX179_x2_unpaired,img_0000101,feature_bicubic,2048,2048,nan,nan,nan,nan,31.096084049178327,0.911339282989502,0.01250603049993515,0.02567232772707939,0.014279182069003582,1.8549406774626864,nan,0.012097926810383797
FLUX179_x2_unpaired,img_0000101,rf_1step,2048,2048,nan,nan,nan,nan,33.93658442192715,0.9193110466003418,0.011585626751184464,0.018256235867738724,0.007964766584336758,1.0346649725723926,nan,0.016742292791604996
FLUX179_x2_unpaired,img_0000102,feature_bicubic,2048,2048,nan,nan,nan,nan,35.115883999058745,0.922744631767273,0.010892885737121105,0.01926768198609352,0.010825234465301037,1.9180717281001505,nan,0.014196614734828472
FLUX179_x2_unpaired,img_0000102,rf_1step,2048,2048,nan,nan,nan,nan,36.925402567032464,0.9526013731956482,0.010627835988998413,0.016462359577417374,0.00814211554825306,1.4426626684242037,nan,0.016537826508283615
FLUX179_x2_unpaired,img_0000103,feature_bicubic,2048,2048,nan,nan,nan,nan,31.640254854007466,0.9152417182922363,0.01338762603700161,0.023942649364471436,0.013888519257307053,1.8020717073701256,nan,0.014736374840140343
FLUX179_x2_unpaired,img_0000103,rf_1step,2048,2048,nan,nan,nan,nan,34.98321122774824,0.9575755596160889,0.012451676651835442,0.01579277217388153,0.008279463276267052,1.0742820199871908,nan,0.019866926595568657
FLUX179_x2_unpaired,img_0000104,feature_bicubic,2048,2048,nan,nan,nan,nan,28.947866696592783,0.9150907397270203,0.017614468932151794,0.032217442989349365,0.019239995628595352,1.6711429662554114,nan,0.01670663058757782
FLUX179_x2_unpaired,img_0000104,rf_1step,2048,2048,nan,nan,nan,nan,34.676910826266536,0.9622368216514587,0.01212216541171074,0.018089693039655685,0.011938279494643211,1.0369322421785152,nan,0.01730434224009514
FLUX179_x2_unpaired,img_0000105,feature_bicubic,2048,2048,nan,nan,nan,nan,33.323239494225525,0.9456068873405457,0.011714408174157143,0.018020568415522575,0.00996406190097332,1.6143338952433204,nan,0.01505916379392147
FLUX179_x2_unpaired,img_0000105,rf_1step,2048,2048,nan,nan,nan,nan,37.1531297955693,0.9594038724899292,0.010270658880472183,0.011760778725147247,0.006538953632116318,1.0594127769036286,nan,0.017361802980303764
FLUX179_x2_unpaired,img_0000106,feature_bicubic,2048,2048,nan,nan,nan,nan,28.256864695451448,0.8204805254936218,0.020737722516059875,0.04785769805312157,0.026929175481200218,1.896419801166671,nan,0.015081431716680527
FLUX179_x2_unpaired,img_0000106,rf_1step,2048,2048,nan,nan,nan,nan,31.325932136705767,0.9135416746139526,0.01709793135523796,0.03438481688499451,0.014518924057483673,1.022458897542897,nan,0.019038904458284378
FLUX179_x2_unpaired,img_0000107,feature_bicubic,2048,2048,nan,nan,nan,nan,28.631393821309157,0.876929759979248,0.017691172659397125,0.03750191628932953,0.02147422730922699,1.913896243537487,nan,0.014800254255533218
FLUX179_x2_unpaired,img_0000107,rf_1step,2048,2048,nan,nan,nan,nan,32.031505535671315,0.945541501045227,0.01577373594045639,0.026001378893852234,0.01183479093015194,1.054778902081235,nan,0.020748745650053024
FLUX179_x2_unpaired,img_0000108,feature_bicubic,2048,2048,nan,nan,nan,nan,28.571842089035787,0.8616969585418701,0.01994340866804123,0.03895123675465584,0.02472427301108837,1.802182904740896,nan,0.01492532342672348
FLUX179_x2_unpaired,img_0000108,rf_1step,2048,2048,nan,nan,nan,nan,33.78137385613011,0.9487096667289734,0.014142516069114208,0.022420618683099747,0.015057306736707687,1.0975457510991131,nan,0.019954975694417953
FLUX179_x2_unpaired,img_0000109,feature_bicubic,2048,2048,nan,nan,nan,nan,30.02557719187052,0.898095965385437,0.016161281615495682,0.032576434314250946,0.018237721174955368,1.746784844704895,nan,0.016415392979979515
FLUX179_x2_unpaired,img_0000109,rf_1step,2048,2048,nan,nan,nan,nan,33.516260025320676,0.9356710314750671,0.01345164142549038,0.024167923256754875,0.011929179541766644,1.1425610597631397,nan,0.018749678507447243
FLUX179_x2_unpaired,img_0000110,feature_bicubic,2048,2048,nan,nan,nan,nan,35.26444214794604,0.9502763152122498,0.010580414906144142,0.01555433589965105,0.00912276841700077,1.738142108384286,nan,0.015312775038182735
FLUX179_x2_unpaired,img_0000110,rf_1step,2048,2048,nan,nan,nan,nan,36.44949748459205,0.9642373919487,0.013033273629844189,0.011542133055627346,0.006749849766492844,1.2860348490865414,nan,0.02433772012591362
FLUX179_x2_unpaired,img_0000111,feature_bicubic,2048,2048,nan,nan,nan,nan,30.56748012309772,0.9450365900993347,0.013850647024810314,0.022653283551335335,0.01194942556321621,1.656978550682713,nan,0.01705320179462433
FLUX179_x2_unpaired,img_0000111,rf_1step,2048,2048,nan,nan,nan,nan,35.25358397255112,0.9730824828147888,0.012007109820842743,0.013754703104496002,0.007436266168951988,1.0311569768718272,nan,0.01984911784529686
FLUX179_x2_unpaired,img_0000112,feature_bicubic,2048,2048,nan,nan,nan,nan,29.929241277366728,0.9073673486709595,0.01771889440715313,0.03737377002835274,0.021557828411459923,1.612024626830643,nan,0.01753232441842556
FLUX179_x2_unpaired,img_0000112,rf_1step,2048,2048,nan,nan,nan,nan,34.244810498686626,0.9465619921684265,0.013660441152751446,0.02714208886027336,0.016842138022184372,1.259400564010859,nan,0.018983058631420135
FLUX179_x2_unpaired,img_0000113,feature_bicubic,2048,2048,nan,nan,nan,nan,28.20833423743848,0.825249195098877,0.01942361146211624,0.04543401300907135,0.026298999786376953,1.892859577538986,nan,0.013019390404224396
FLUX179_x2_unpaired,img_0000113,rf_1step,2048,2048,nan,nan,nan,nan,32.12550817162713,0.9104130268096924,0.014640274457633495,0.03223520144820213,0.014937089756131172,1.0750908260814687,nan,0.015341362915933132
FLUX179_x2_unpaired,img_0000114,feature_bicubic,2048,2048,nan,nan,nan,nan,34.76903962610837,0.9337805509567261,0.011016394011676311,0.016608625650405884,0.008804528042674065,1.8303121250997918,nan,0.014996020123362541
FLUX179_x2_unpaired,img_0000114,rf_1step,2048,2048,nan,nan,nan,nan,35.40622155589504,0.9622395038604736,0.012975132092833519,0.013177579268813133,0.005606851540505886,1.1655693875336404,nan,0.022323474287986755
FLUX179_x2_unpaired,img_0000115,feature_bicubic,2048,2048,nan,nan,nan,nan,34.299459206066715,0.9106475710868835,0.011254815384745598,0.01932685822248459,0.011053984984755516,1.7264666683394407,nan,0.013290471397340298
FLUX179_x2_unpaired,img_0000115,rf_1step,2048,2048,nan,nan,nan,nan,34.9505875524529,0.8794676661491394,0.01287858933210373,0.014888168312609196,0.007559084799140692,1.18061567542073,nan,0.021380513906478882
FLUX179_x2_unpaired,img_0000116,feature_bicubic,2048,2048,nan,nan,nan,nan,30.715467684359158,0.9198402762413025,0.014391927048563957,0.023536954075098038,0.013585545122623444,1.7621742122632489,nan,0.016069328412413597
FLUX179_x2_unpaired,img_0000116,rf_1step,2048,2048,nan,nan,nan,nan,34.58736823800673,0.9599098563194275,0.012879019603133202,0.014975474216043949,0.007817334495484829,1.0139825183488238,nan,0.020751506090164185
FLUX179_x2_unpaired,img_0000117,feature_bicubic,2048,2048,nan,nan,nan,nan,30.706309756397538,0.922671914100647,0.014803173951804638,0.026504715904593468,0.014087351970374584,1.731155905419532,nan,0.016956739127635956
FLUX179_x2_unpaired,img_0000117,rf_1step,2048,2048,nan,nan,nan,nan,33.967626867116905,0.9598925113677979,0.013028083369135857,0.018339626491069794,0.008524032309651375,1.0474948664498722,nan,0.019813941791653633
FLUX179_x2_unpaired,img_0000118,feature_bicubic,2048,2048,nan,nan,nan,nan,29.69108230735425,0.8729264140129089,0.0163327194750309,0.037021979689598083,0.02105562947690487,1.9203285238857546,nan,0.015131363645195961
FLUX179_x2_unpaired,img_0000118,rf_1step,2048,2048,nan,nan,nan,nan,32.49664254667671,0.9276499152183533,0.014264777302742004,0.029151365160942078,0.013900204561650753,1.2677350414464374,nan,0.018624208867549896
FLUX179_x2_unpaired,img_0000119,feature_bicubic,2048,2048,nan,nan,nan,nan,31.718267517221953,0.9429366588592529,0.013701419346034527,0.021150993183255196,0.011981328949332237,1.6760670799231854,nan,0.017662368714809418
FLUX179_x2_unpaired,img_0000119,rf_1step,2048,2048,nan,nan,nan,nan,35.05153830492651,0.968172550201416,0.012981242500245571,0.014538532122969627,0.007966968230903149,1.114498503052522,nan,0.022218964993953705
FLUX179_x2_unpaired,img_0000120,feature_bicubic,2048,2048,nan,nan,nan,nan,28.65547577299115,0.8906480669975281,0.020527200773358345,0.037427306175231934,0.02163948118686676,1.6848722790218273,nan,0.01957934908568859
FLUX179_x2_unpaired,img_0000120,rf_1step,2048,2048,nan,nan,nan,nan,33.09536862174034,0.957344651222229,0.015019254758954048,0.022298220545053482,0.01287630945444107,1.00256270788328,nan,0.021616462618112564
FLUX179_x2_unpaired,img_0000121,feature_bicubic,2048,2048,nan,nan,nan,nan,33.83402289062879,0.933531641960144,0.010917815379798412,0.017907364293932915,0.009560056030750275,1.6895125133810949,nan,0.014271947555243969
FLUX179_x2_unpaired,img_0000121,rf_1step,2048,2048,nan,nan,nan,nan,35.399796996772544,0.9264218211174011,0.012345237657427788,0.013775384984910488,0.006420896854251623,1.1347407951892576,nan,0.02081289514899254
FLUX179_x2_unpaired,img_0000122,feature_bicubic,2048,2048,nan,nan,nan,nan,28.298309121156997,0.8467199206352234,0.017632361501455307,0.041875019669532776,0.024105161428451538,1.9190338813274939,nan,0.012223782949149609
FLUX179_x2_unpaired,img_0000122,rf_1step,2048,2048,nan,nan,nan,nan,31.854164870049292,0.9221060276031494,0.014532878994941711,0.0302506685256958,0.013872119598090649,1.104372090333401,nan,0.017072094604372978
FLUX179_x2_unpaired,img_0000123,feature_bicubic,2048,2048,nan,nan,nan,nan,30.82569198025713,0.8858264684677124,0.015082436613738537,0.0313139371573925,0.01747097261250019,1.8589056828507697,nan,0.015687791630625725
FLUX179_x2_unpaired,img_0000123,rf_1step,2048,2048,nan,nan,nan,nan,33.296764675622036,0.9298291206359863,0.013928125612437725,0.02496289275586605,0.011908352375030518,1.2670447372515135,nan,0.0196020919829607
FLUX179_x2_unpaired,img_0000124,feature_bicubic,2048,2048,nan,nan,nan,nan,28.364895352869553,0.8569650053977966,0.018272727727890015,0.04076138511300087,0.02239053323864937,1.8843691347750222,nan,0.014764788560569286
FLUX179_x2_unpaired,img_0000124,rf_1step,2048,2048,nan,nan,nan,nan,31.74223419683961,0.92570960521698,0.015383945778012276,0.02841014787554741,0.011874644085764885,0.9993604244774958,nan,0.018619876354932785
FLUX179_x2_unpaired,img_0000125,feature_bicubic,2048,2048,nan,nan,nan,nan,29.60091214391925,0.9013652801513672,0.01703953742980957,0.03074738010764122,0.018368680030107498,1.7067331572419957,nan,0.01656167022883892
FLUX179_x2_unpaired,img_0000125,rf_1step,2048,2048,nan,nan,nan,nan,33.94454916179839,0.9537941813468933,0.013760870322585106,0.019023606553673744,0.01117494236677885,1.0383241820527367,nan,0.021114444360136986
FLUX179_x2_unpaired,img_0000126,feature_bicubic,2048,2048,nan,nan,nan,nan,26.616133062150958,0.8545172214508057,0.026210486888885498,0.05736822634935379,0.03155941516160965,1.6372365403395082,nan,0.02106112614274025
FLUX179_x2_unpaired,img_0000126,rf_1step,2048,2048,nan,nan,nan,nan,31.112908109778168,0.9404425621032715,0.016947854310274124,0.03535804525017738,0.019684862345457077,1.021209542651481,nan,0.01870712637901306
FLUX179_x2_unpaired,img_0000127,feature_bicubic,2048,2048,nan,nan,nan,nan,32.240582283818576,0.9532283544540405,0.012178219854831696,0.021123802289366722,0.011116880923509598,1.6938969865030724,nan,0.015414792113006115
FLUX179_x2_unpaired,img_0000127,rf_1step,2048,2048,nan,nan,nan,nan,34.73764752162542,0.9737080335617065,0.012778475880622864,0.015254895202815533,0.007711110170930624,1.174954231407649,nan,0.021369677037000656
FLUX179_x2_unpaired,img_0000128,feature_bicubic,2048,2048,nan,nan,nan,nan,34.55540174827665,0.9175085425376892,0.010455658659338951,0.02011239156126976,0.011581311002373695,1.890001411953026,nan,0.01139762531965971
FLUX179_x2_unpaired,img_0000128,rf_1step,2048,2048,nan,nan,nan,nan,36.37409395239432,0.9407013654708862,0.010871621780097485,0.01579722762107849,0.0072717685252428055,1.186709585580388,nan,0.01697879284620285
FLUX179_x2_unpaired,img_0000129,feature_bicubic,2048,2048,nan,nan,nan,nan,33.131646851517964,0.9410454630851746,0.013256564736366272,0.02058538794517517,0.011713425628840923,1.6304172258162202,nan,0.01745884120464325
FLUX179_x2_unpaired,img_0000129,rf_1step,2048,2048,nan,nan,nan,nan,35.37896698204505,0.9706899523735046,0.013242809101939201,0.013479567132890224,0.00809500552713871,1.1267614507260475,nan,0.02345217391848564
FLUX179_x2_unpaired,img_0000130,feature_bicubic,2048,2048,nan,nan,nan,nan,29.58120343954971,0.8751471042633057,0.01625298522412777,0.03341019153594971,0.019752345979213715,1.866113238983498,nan,0.013751326128840446
FLUX179_x2_unpaired,img_0000130,rf_1step,2048,2048,nan,nan,nan,nan,33.42409247223584,0.9014145731925964,0.012570279650390148,0.021953757852315903,0.010892393998801708,1.02906463195707,nan,0.0161448922008276
FLUX179_x2_unpaired,img_0000131,feature_bicubic,2048,2048,nan,nan,nan,nan,36.93141946694206,0.9666451215744019,0.010188791900873184,0.010702177882194519,0.005487110000103712,1.6188074340396787,nan,0.017119906842708588
FLUX179_x2_unpaired,img_0000131,rf_1step,2048,2048,nan,nan,nan,nan,37.03125265618772,0.9758232831954956,0.011970529332756996,0.008038895204663277,0.00385016156360507,1.1358748341658755,nan,0.0228729248046875
FLUX179_x2_unpaired,img_0000132,feature_bicubic,2048,2048,nan,nan,nan,nan,30.021360129281803,0.9332270622253418,0.014144299551844597,0.024915827438235283,0.013288648799061775,1.6950302272897364,nan,0.016449924558401108
FLUX179_x2_unpaired,img_0000132,rf_1step,2048,2048,nan,nan,nan,nan,33.46604145359344,0.9631953239440918,0.013389586471021175,0.017020609229803085,0.008092663250863552,1.0322576084980917,nan,0.020942261442542076
FLUX179_x2_unpaired,img_0000133,feature_bicubic,2048,2048,nan,nan,nan,nan,29.384895338841023,0.9041941165924072,0.019283106550574303,0.03683538734912872,0.020253099501132965,1.659408512654415,nan,0.019091501832008362
FLUX179_x2_unpaired,img_0000133,rf_1step,2048,2048,nan,nan,nan,nan,32.931875382438356,0.9622527360916138,0.016030192375183105,0.022231020033359528,0.012293110601603985,1.0072182965458074,nan,0.02450026571750641
FLUX179_x2_unpaired,img_0000134,feature_bicubic,2048,2048,nan,nan,nan,nan,25.180275112897146,0.7686058878898621,0.028819886967539787,0.07167109847068787,0.04037958383560181,1.894542445076193,nan,0.016841817647218704
FLUX179_x2_unpaired,img_0000134,rf_1step,2048,2048,nan,nan,nan,nan,29.05062734314225,0.8947257399559021,0.020297784358263016,0.0482817143201828,0.021817972883582115,1.0236627465442942,nan,0.018109578639268875
FLUX179_x2_unpaired,img_0000135,feature_bicubic,2048,2048,nan,nan,nan,nan,33.223102991092304,0.9488934278488159,0.01174168661236763,0.01814151555299759,0.009827017784118652,1.6934754920087103,nan,0.016183609142899513
FLUX179_x2_unpaired,img_0000135,rf_1step,2048,2048,nan,nan,nan,nan,35.16383246132897,0.9616929888725281,0.013421980664134026,0.013768943026661873,0.0067170048132538795,1.1575315401721518,nan,0.023585578426718712
FLUX179_x2_unpaired,img_0000136,feature_bicubic,2048,2048,nan,nan,nan,nan,28.29048646868536,0.8702308535575867,0.018599428236484528,0.03772462159395218,0.021384499967098236,1.7960576958501844,nan,0.015988383442163467
FLUX179_x2_unpaired,img_0000136,rf_1step,2048,2048,nan,nan,nan,nan,33.0066145863391,0.9332870244979858,0.013395702466368675,0.02360478974878788,0.011891170404851437,0.9987246908349121,nan,0.017053497955203056
FLUX179_x2_unpaired,img_0000137,feature_bicubic,2048,2048,nan,nan,nan,nan,28.927543753227035,0.8084584474563599,0.019254952669143677,0.045674849301576614,0.02563314139842987,1.9063989797583547,nan,0.015136676840484142
FLUX179_x2_unpaired,img_0000137,rf_1step,2048,2048,nan,nan,nan,nan,30.973613669404585,0.8837239146232605,0.017040042206645012,0.03784710913896561,0.016536206007003784,1.2298378014158262,nan,0.01877128891646862
FLUX179_x2_unpaired,img_0000138,feature_bicubic,2048,2048,nan,nan,nan,nan,33.892449030153536,0.9624273180961609,0.010801064781844616,0.014060987159609795,0.007679535076022148,1.6513959937539715,nan,0.015509149059653282
FLUX179_x2_unpaired,img_0000138,rf_1step,2048,2048,nan,nan,nan,nan,35.58767618924196,0.978010892868042,0.013296613469719887,0.009611476212739944,0.004929328337311745,1.0599955580059732,nan,0.024255475029349327
FLUX179_x2_unpaired,img_0000139,feature_bicubic,2048,2048,nan,nan,nan,nan,28.92010244468522,0.8898353576660156,0.020117027685046196,0.04136369377374649,0.02319052815437317,1.6682241941897045,nan,0.018115345388650894
FLUX179_x2_unpaired,img_0000139,rf_1step,2048,2048,nan,nan,nan,nan,33.05878197418802,0.9586762189865112,0.014546222984790802,0.025945326313376427,0.014461083337664604,1.0402664802412633,nan,0.01895153895020485
FLUX179_x2_unpaired,img_0000140,feature_bicubic,2048,2048,nan,nan,nan,nan,29.956554969516816,0.8938781023025513,0.014752676710486412,0.03200937807559967,0.01849007047712803,1.9271463588030813,nan,0.013727961108088493
FLUX179_x2_unpaired,img_0000140,rf_1step,2048,2048,nan,nan,nan,nan,33.33356719994662,0.9452544450759888,0.01245393231511116,0.02424927055835724,0.01175308134406805,1.2249768298587504,nan,0.0159311406314373
FLUX179_x2_unpaired,img_0000141,feature_bicubic,2048,2048,nan,nan,nan,nan,34.29226980298775,0.9470243453979492,0.011426168493926525,0.0180521197617054,0.010369936004281044,1.6308570343878277,nan,0.014770250767469406
FLUX179_x2_unpaired,img_0000141,rf_1step,2048,2048,nan,nan,nan,nan,37.00722587616953,0.9653534889221191,0.011255292221903801,0.012334728613495827,0.007039706222712994,1.107119119018249,nan,0.019271764904260635
FLUX179_x2_unpaired,img_0000142,feature_bicubic,2048,2048,nan,nan,nan,nan,32.677590361806615,0.954532265663147,0.01362675428390503,0.019146673381328583,0.010661284439265728,1.542786661470795,nan,0.018198620527982712
FLUX179_x2_unpaired,img_0000142,rf_1step,2048,2048,nan,nan,nan,nan,36.56153642703507,0.9811822772026062,0.011231955140829086,0.011855527758598328,0.007238308899104595,1.0474503784942668,nan,0.019265267997980118
FLUX179_x2_unpaired,img_0000143,feature_bicubic,2048,2048,nan,nan,nan,nan,34.85480250492643,0.944875955581665,0.010536654852330685,0.016047803685069084,0.008647583425045013,1.713373786960897,nan,0.014498412609100342
FLUX179_x2_unpaired,img_0000143,rf_1step,2048,2048,nan,nan,nan,nan,36.5361639076126,0.9571284055709839,0.011872563511133194,0.011923335492610931,0.005542856641113758,1.0982241866856581,nan,0.02095879428088665
FLUX179_x2_unpaired,img_0000144,feature_bicubic,2048,2048,nan,nan,nan,nan,28.057094537968656,0.9285019636154175,0.01826908439397812,0.0335889533162117,0.019161032512784004,1.6366105952190038,nan,0.018078019842505455
FLUX179_x2_unpaired,img_0000144,rf_1step,2048,2048,nan,nan,nan,nan,33.16398192306595,0.9688290357589722,0.013781072571873665,0.02016010880470276,0.012246462516486645,1.046013062973626,nan,0.020386409014463425
FLUX179_x2_unpaired,img_0000145,feature_bicubic,2048,2048,nan,nan,nan,nan,30.708106351827603,0.9299613833427429,0.01405709981918335,0.02643587812781334,0.014150334522128105,1.6890620883317158,nan,0.016431838274002075
FLUX179_x2_unpaired,img_0000145,rf_1step,2048,2048,nan,nan,nan,nan,34.07250237306989,0.9490184783935547,0.013443432748317719,0.018740717321634293,0.009646693244576454,1.1514825894539549,nan,0.021609744057059288
FLUX179_x2_unpaired,img_0000146,feature_bicubic,2048,2048,nan,nan,nan,nan,29.169667904689565,0.9123355746269226,0.014669026248157024,0.03168132156133652,0.01767660304903984,1.7556955252774316,nan,0.014170750975608826
FLUX179_x2_unpaired,img_0000146,rf_1step,2048,2048,nan,nan,nan,nan,32.62340616554221,0.9444062113761902,0.012688569724559784,0.02297598123550415,0.01184544526040554,1.176526687900163,nan,0.017472973093390465
FLUX179_x2_unpaired,img_0000147,feature_bicubic,2048,2048,nan,nan,nan,nan,30.52424158197575,0.9454757571220398,0.014931345358490944,0.024228297173976898,0.013764403760433197,1.5662017682459648,nan,0.017873015254735947
FLUX179_x2_unpaired,img_0000147,rf_1step,2048,2048,nan,nan,nan,nan,34.98562314299287,0.9758248329162598,0.012628509663045406,0.015120569616556168,0.009801359847187996,1.115261321235589,nan,0.020959455519914627
FLUX179_x2_unpaired,img_0000148,feature_bicubic,2048,2048,nan,nan,nan,nan,31.12090482254085,0.9007241129875183,0.014961968176066875,0.028055641800165176,0.015994738787412643,1.7747455720799536,nan,0.0158147644251585
FLUX179_x2_unpaired,img_0000148,rf_1step,2048,2048,nan,nan,nan,nan,34.32683035209271,0.9477888941764832,0.013204812072217464,0.02020552195608616,0.010007711127400398,1.1104364532659075,nan,0.01936906948685646
FLUX179_x2_unpaired,img_0000149,feature_bicubic,2048,2048,nan,nan,nan,nan,24.760923440154556,0.719717264175415,0.0358659103512764,0.08737415075302124,0.04758916050195694,1.8284295009855565,nan,0.02131899818778038
FLUX179_x2_unpaired,img_0000149,rf_1step,2048,2048,nan,nan,nan,nan,28.654782851139853,0.8793044090270996,0.023614417761564255,0.05973310396075249,0.024426516145467758,0.9384944440202234,nan,0.017606133595108986
FLUX179_x2_unpaired,img_0000150,feature_bicubic,2048,2048,nan,nan,nan,nan,35.245466472599304,0.9411543607711792,0.011843748390674591,0.02047787420451641,0.011139034293591976,1.7471642509663823,nan,0.016767969354987144
FLUX179_x2_unpaired,img_0000150,rf_1step,2048,2048,nan,nan,nan,nan,36.34108622375119,0.9575620889663696,0.012211736291646957,0.018094457685947418,0.009039226919412613,1.4178081971662522,nan,0.020621266216039658
FLUX179_x2_unpaired,img_0000151,feature_bicubic,2048,2048,nan,nan,nan,nan,31.389994903965874,0.9392126798629761,0.014161060564219952,0.02226349711418152,0.011669373139739037,1.672930395359655,nan,0.017569489777088165
FLUX179_x2_unpaired,img_0000151,rf_1step,2048,2048,nan,nan,nan,nan,34.21240808181827,0.971064031124115,0.013092344626784325,0.01529204472899437,0.007007441483438015,1.004592252811428,nan,0.020990487188100815
FLUX179_x2_unpaired,img_0000152,feature_bicubic,2048,2048,nan,nan,nan,nan,30.24046398055934,0.9389035701751709,0.014870231971144676,0.02423071675002575,0.014894098043441772,1.599017097999441,nan,0.01616160199046135
FLUX179_x2_unpaired,img_0000152,rf_1step,2048,2048,nan,nan,nan,nan,34.61237355743767,0.9729360938072205,0.01266702264547348,0.014049738645553589,0.010681724175810814,1.1467803920329587,nan,0.021224379539489746
FLUX179_x2_unpaired,img_0000153,feature_bicubic,2048,2048,nan,nan,nan,nan,35.10793315074071,0.9551444053649902,0.01019086129963398,0.015447137877345085,0.00831141509115696,1.788432690493494,nan,0.01536155492067337
FLUX179_x2_unpaired,img_0000153,rf_1step,2048,2048,nan,nan,nan,nan,36.34838332895411,0.9679242968559265,0.012053411453962326,0.012367939576506615,0.006449945271015167,1.3878855583630485,nan,0.021759044378995895
FLUX179_x2_unpaired,img_0000154,feature_bicubic,2048,2048,nan,nan,nan,nan,27.8135262674299,0.8319255709648132,0.023246927186846733,0.05406016856431961,0.0300888828933239,1.82500215784781,nan,0.017583724111318588
FLUX179_x2_unpaired,img_0000154,rf_1step,2048,2048,nan,nan,nan,nan,31.840590796876526,0.9254287481307983,0.01668660342693329,0.037271007895469666,0.01787964254617691,1.0844665235331945,nan,0.018064063042402267
FLUX179_x2_unpaired,img_0000155,feature_bicubic,2048,2048,nan,nan,nan,nan,33.82094691343331,0.943408191204071,0.01165531575679779,0.017163008451461792,0.00918334349989891,1.595476085996953,nan,0.016285790130496025
FLUX179_x2_unpaired,img_0000155,rf_1step,2048,2048,nan,nan,nan,nan,35.015923760880455,0.9320053458213806,0.013195089064538479,0.012603621929883957,0.006424884311854839,1.116232805075213,nan,0.0232207290828228
FLUX179_x2_unpaired,img_0000156,feature_bicubic,2048,2048,nan,nan,nan,nan,30.75029458559903,0.9402211904525757,0.014137323014438152,0.020772941410541534,0.013489214703440666,1.6984353544462176,nan,0.01583249308168888
FLUX179_x2_unpaired,img_0000156,rf_1step,2048,2048,nan,nan,nan,nan,36.35639893156943,0.9847180843353271,0.011783167719841003,0.010314207524061203,0.00882104691118002,1.1106634645940752,nan,0.020687516778707504
FLUX179_x2_unpaired,img_0000157,feature_bicubic,2048,2048,nan,nan,nan,nan,33.20573397495299,0.9572476744651794,0.011065687984228134,0.014770064502954483,0.007805392146110535,1.591637998837556,nan,0.0157338734716177
FLUX179_x2_unpaired,img_0000157,rf_1step,2048,2048,nan,nan,nan,nan,36.12126726253997,0.9724441766738892,0.01197611354291439,0.01010661106556654,0.005087238736450672,1.0373652380973633,nan,0.02149844728410244
FLUX179_x2_unpaired,img_0000158,feature_bicubic,2048,2048,nan,nan,nan,nan,28.68807425088849,0.8557718992233276,0.020355116575956345,0.04614635556936264,0.02537688985466957,1.8090035413630166,nan,0.01751798950135708
FLUX179_x2_unpaired,img_0000158,rf_1step,2048,2048,nan,nan,nan,nan,32.715155421080254,0.9300774335861206,0.015366005711257458,0.0329466350376606,0.016174621880054474,1.1530155361352206,nan,0.018138043582439423
FLUX179_x2_unpaired,img_0000159,feature_bicubic,2048,2048,nan,nan,nan,nan,30.76422814328057,0.9186250567436218,0.01425842009484768,0.024937178939580917,0.013890555128455162,1.7084256185207551,nan,0.015657197684049606
FLUX179_x2_unpaired,img_0000159,rf_1step,2048,2048,nan,nan,nan,nan,34.98663992601419,0.9626784324645996,0.011920708231627941,0.015730438753962517,0.008196539245545864,1.008107847440558,nan,0.01863432489335537
FLUX179_x2_unpaired,img_0000160,feature_bicubic,2048,2048,nan,nan,nan,nan,32.97870916500625,0.9301125407218933,0.012571383267641068,0.02301565557718277,0.012984886765480042,1.7615413873752344,nan,0.016189036890864372
FLUX179_x2_unpaired,img_0000160,rf_1step,2048,2048,nan,nan,nan,nan,35.35853938762962,0.9554266929626465,0.013022355735301971,0.018171023577451706,0.010364027693867683,1.4059932945419178,nan,0.02233564481139183
FLUX179_x2_unpaired,img_0000161,feature_bicubic,2048,2048,nan,nan,nan,nan,32.620973671715845,0.9294395446777344,0.011845448985695839,0.019941793754696846,0.01144423708319664,1.7650580682081138,nan,0.014928321354091167
FLUX179_x2_unpaired,img_0000161,rf_1step,2048,2048,nan,nan,nan,nan,36.14697127549313,0.9369720816612244,0.011513758450746536,0.015057945623993874,0.0082112867385149,1.266436355942538,nan,0.01928413286805153
FLUX179_x2_unpaired,img_0000162,feature_bicubic,2048,2048,nan,nan,nan,nan,31.595783025007993,0.9080286026000977,0.012219211086630821,0.026512090116739273,0.01482662558555603,1.891610949977959,nan,0.012443169951438904
FLUX179_x2_unpaired,img_0000162,rf_1step,2048,2048,nan,nan,nan,nan,34.147656042230466,0.9284428358078003,0.011545499786734581,0.02195778489112854,0.010447775945067406,1.3329484356749988,nan,0.015918299555778503
FLUX179_x2_unpaired,img_0000163,feature_bicubic,2048,2048,nan,nan,nan,nan,34.597660874752066,0.934821605682373,0.010689755901694298,0.016189804300665855,0.008977431803941727,1.8616812704737604,nan,0.014044019393622875
FLUX179_x2_unpaired,img_0000163,rf_1step,2048,2048,nan,nan,nan,nan,35.26075564893808,0.9583187103271484,0.01245418842881918,0.013135833665728569,0.005819802638143301,1.2068727232801704,nan,0.021189525723457336
FLUX179_x2_unpaired,img_0000164,feature_bicubic,2048,2048,nan,nan,nan,nan,31.679406605376755,0.8783676028251648,0.013452952727675438,0.03032553382217884,0.01747540943324566,1.961097808876324,nan,0.01370935421437025
FLUX179_x2_unpaired,img_0000164,rf_1step,2048,2048,nan,nan,nan,nan,34.62965554021316,0.9247285723686218,0.010540387593209743,0.025468124076724052,0.013089016079902649,1.468854898804889,nan,0.011062833480536938
FLUX179_x2_unpaired,img_0000165,feature_bicubic,2048,2048,nan,nan,nan,nan,27.67400560538581,0.7705349922180176,0.023777753114700317,0.055259041488170624,0.0318479910492897,1.896263603471558,nan,0.015640735626220703
FLUX179_x2_unpaired,img_0000165,rf_1step,2048,2048,nan,nan,nan,nan,30.934553277079022,0.8907327651977539,0.01870400458574295,0.03916670382022858,0.01717155985534191,1.022413122326107,nan,0.02020389214158058
FLUX179_x2_unpaired,img_0000166,feature_bicubic,2048,2048,nan,nan,nan,nan,29.25170421795439,0.8925961256027222,0.01699785515666008,0.0335029661655426,0.018751194700598717,1.7430049755516315,nan,0.017113154754042625
FLUX179_x2_unpaired,img_0000166,rf_1step,2048,2048,nan,nan,nan,nan,33.03649459842145,0.9332517385482788,0.014458108693361282,0.024127334356307983,0.012278184294700623,1.141310548907039,nan,0.02059517428278923
FLUX179_x2_unpaired,img_0000167,feature_bicubic,2048,2048,nan,nan,nan,nan,36.77904956021411,0.9657593965530396,0.010212961584329605,0.012445038184523582,0.006706586107611656,1.7393609055609178,nan,0.01712697558104992
FLUX179_x2_unpaired,img_0000167,rf_1step,2048,2048,nan,nan,nan,nan,37.33279474209054,0.9746934771537781,0.011701833456754684,0.010704146698117256,0.005637697409838438,1.4621433788683773,nan,0.02193918079137802
FLUX179_x2_unpaired,img_0000168,feature_bicubic,2048,2048,nan,nan,nan,nan,29.049062926295356,0.8787133693695068,0.018498603254556656,0.03656952828168869,0.02289656363427639,1.796961924431258,nan,0.014828521758317947
FLUX179_x2_unpaired,img_0000168,rf_1step,2048,2048,nan,nan,nan,nan,34.22845759461103,0.9574884176254272,0.01338386069983244,0.02099243924021721,0.014108411967754364,1.1072525783865772,nan,0.019000891596078873
FLUX179_x2_unpaired,img_0000169,feature_bicubic,2048,2048,nan,nan,nan,nan,28.288118726450815,0.8878642916679382,0.01779780350625515,0.03795488178730011,0.02126084826886654,1.8145101119760634,nan,0.015299740247428417
FLUX179_x2_unpaired,img_0000169,rf_1step,2048,2048,nan,nan,nan,nan,31.615383947534056,0.9338449239730835,0.014962262474000454,0.026308579370379448,0.011951286345720291,1.0199842288130414,nan,0.018782153725624084
FLUX179_x2_unpaired,img_0000170,feature_bicubic,2048,2048,nan,nan,nan,nan,32.99070254924959,0.9417754411697388,0.009523032233119011,0.016992520540952682,0.01002153567969799,1.780788084810891,nan,0.010862698778510094
FLUX179_x2_unpaired,img_0000170,rf_1step,2048,2048,nan,nan,nan,nan,37.32036325011061,0.9509934782981873,0.009550529532134533,0.012010203674435616,0.006804643198847771,1.2091587474408667,nan,0.01589173637330532
FLUX179_x2_unpaired,img_0000171,feature_bicubic,2048,2048,nan,nan,nan,nan,32.1295672275157,0.9047285914421082,0.01259840838611126,0.025128953158855438,0.014421860687434673,1.9695922783068662,nan,0.014350255951285362
FLUX179_x2_unpaired,img_0000171,rf_1step,2048,2048,nan,nan,nan,nan,34.51154275732423,0.9425151348114014,0.011285265907645226,0.020853903144598007,0.010235840454697609,1.3979078538124154,nan,0.015283162705600262
FLUX179_x2_unpaired,img_0000172,feature_bicubic,2048,2048,nan,nan,nan,nan,24.39831309717568,0.7586804628372192,0.03137002885341644,0.07911587506532669,0.045402538031339645,1.895293688349776,nan,0.018094995990395546
FLUX179_x2_unpaired,img_0000172,rf_1step,2048,2048,nan,nan,nan,nan,28.37606597621938,0.8867680430412292,0.02291777729988098,0.05501897633075714,0.02729182317852974,1.1392759624609758,nan,0.021192878484725952
FLUX179_x2_unpaired,img_0000173,feature_bicubic,2048,2048,nan,nan,nan,nan,27.133031300954997,0.866240382194519,0.0206739604473114,0.045406997203826904,0.02501574531197548,1.8745297703258137,nan,0.01655087247490883
FLUX179_x2_unpaired,img_0000173,rf_1step,2048,2048,nan,nan,nan,nan,31.259151373913163,0.9500157237052917,0.016026552766561508,0.028938114643096924,0.013487253338098526,1.010653793716425,nan,0.019259294494986534
FLUX179_x2_unpaired,img_0000174,feature_bicubic,2048,2048,nan,nan,nan,nan,25.426378860017834,0.7604407072067261,0.030106497928500175,0.07282737642526627,0.0409993901848793,1.859916272680937,nan,0.018386421725153923
FLUX179_x2_unpaired,img_0000174,rf_1step,2048,2048,nan,nan,nan,nan,29.14838242512427,0.8907448649406433,0.021511465311050415,0.04968670755624771,0.021795004606246948,0.9887191869810982,nan,0.02111130952835083
FLUX179_x2_unpaired,img_0000175,feature_bicubic,2048,2048,nan,nan,nan,nan,33.048007743041424,0.901789665222168,0.01409204676747322,0.026184923946857452,0.014501943252980709,1.8681853931900139,nan,0.017761999741196632
FLUX179_x2_unpaired,img_0000175,rf_1step,2048,2048,nan,nan,nan,nan,35.100014010309046,0.9408106207847595,0.012963282875716686,0.021586673334240913,0.010443545877933502,1.3453700322717088,nan,0.019911976531147957
FLUX179_x2_unpaired,img_0000176,feature_bicubic,2048,2048,nan,nan,nan,nan,36.89293862559144,0.9742302894592285,0.009926383383572102,0.009543348103761673,0.004926441237330437,1.626975732200071,nan,0.01662641577422619
FLUX179_x2_unpaired,img_0000176,rf_1step,2048,2048,nan,nan,nan,nan,37.71751779191171,0.9888638257980347,0.0109069449827075,0.006536460481584072,0.0033642426133155823,1.1110537658749846,nan,0.02065495401620865
FLUX179_x2_unpaired,img_0000177,feature_bicubic,2048,2048,nan,nan,nan,nan,30.630150717321094,0.9056228995323181,0.015508756041526794,0.02946172095835209,0.01809341460466385,1.7347933668070683,nan,0.015104125253856182
FLUX179_x2_unpaired,img_0000177,rf_1step,2048,2048,nan,nan,nan,nan,35.21130689177233,0.9606132507324219,0.013062968850135803,0.018240656703710556,0.012405741028487682,1.1894602382570323,nan,0.021032031625509262
FLUX179_x2_unpaired,img_0000178,feature_bicubic,2048,2048,nan,nan,nan,nan,37.49314215681824,0.9393031001091003,0.008359324187040329,0.014505244791507721,0.007934259250760078,1.837474546759229,nan,0.012410050258040428
FLUX179_x2_unpaired,img_0000178,rf_1step,2048,2048,nan,nan,nan,nan,38.39329966497183,0.9419810771942139,0.009367061778903008,0.013072637841105461,0.006253918167203665,1.4483287080203509,nan,0.016309089958667755
